MCoV-10130,B.1.325
MCoV-10197,B.1
MCoV-10318,B.1.595
MCoV-10441,B.1.590
MCoV-10593,B.1
MCoV-10611,B.1
MCoV-10851,B.1.206
MCoV-10855,B.1
MCoV-10927,B.1.1.210
MCoV-11057,B.1.564
MCoV-11074,B.1
MCoV-11193,B.1.2
MCoV-11203,B.1.396
MCoV-11315,B.1.2
MCoV-11323,B.1.2
MCoV-11369,B.1.564
MCoV-11512,B.1
MCoV-11640,B.1.1.320
MCoV-11678,B.1.265
MCoV-11931,B.1.1.329
MCoV-11935,B.1.1.118
MCoV-11948,B.1.564
MCoV-12117,B.1.577
MCoV-12250,B.1.243
MCoV-12343,B.1.324
MCoV-12458,B.1.324
MCoV-12471,B.1
MCoV-12554,B.1.1.304
MCoV-12609,B.1.2
MCoV-12615,B.1
MCoV-12637,B.1.596
MCoV-12842,B.1.396
MCoV-12850,B.1
MCoV-12873,B.1
MCoV-12874,B.1.546
MCoV-12917,B.1
MCoV-12930,B.1
MCoV-12931,B.1.396
MCoV-12958,B.1.206
MCoV-12982,B.1.595
MCoV-13027,B.1.582
MCoV-13067,B.1.2
MCoV-13085,B.1
MCoV-13335,B.1.2
MCoV-13529,B.1.2
MCoV-13767,B.1.596
MCoV-13855,B.1.320
MCoV-13958,B.1.2
MCoV-14023,B.1.596
MCoV-14137,B.1.240
MCoV-14158,B.1.565
MCoV-14186,B.1
MCoV-14224,B.1.2
MCoV-14232,B.1.567
MCoV-14238,B.1.2
MCoV-14342,B.1
MCoV-14402,B.1.234
MCoV-14413,B.1.234
MCoV-14428,B.1.2
MCoV-14433,B.1
MCoV-14498,B.1.243
MCoV-14541,B.1.2
MCoV-14586,B.1.2
MCoV-14596,B.1.2
MCoV-14605,B.1.581
MCoV-14607,B.1.2
MCoV-14622,B.1.2
MCoV-14649,B.1.324
MCoV-14693,B.1
MCoV-14696,B.1.396
MCoV-14713,B.1.582
MCoV-14740,B.1
MCoV-14755,B.1.595
MCoV-14797,B.1.2
MCoV-14876,B.1.2
MCoV-14880,B.1
MCoV-14929,B.1.234
MCoV-14994,B.1.243
MCoV-15044,B.1.2
MCoV-15096,B.1.311
MCoV-15111,B.1
MCoV-15127,B.1.596
MCoV-15144,B.1
MCoV-15193,B.1.1
MCoV-15202,B.1.239
MCoV-15225,B.1.2
MCoV-15269,B.1.234
MCoV-15312,B.1
MCoV-15454,B.1.2
MCoV-15482,B.1.396
MCoV-15490,B.1.234
MCoV-15510,B.1.324
MCoV-15544,B.1.595
MCoV-15560,B.1.1
MCoV-15592,B.1
MCoV-15636,B.1.2
MCoV-15663,B.1
MCoV-15696,B.1
MCoV-15790,B.1.240
MCoV-15836,B.1
MCoV-15863,B.1.1.210
MCoV-15879,B.1.326
MCoV-15934,B.1.546
MCoV-15936,B.1
MCoV-16068,B.1.234
MCoV-16141,B.1.2
MCoV-16174,B.1
MCoV-16237,B.1.2
MCoV-16259,B.1.396
MCoV-16268,B.1.2
MCoV-16287,B.1.234
MCoV-16338,B.1.1.258
MCoV-16418,B.1.1.222
MCoV-16447,B.1
MCoV-16748,B.1.2
MCoV-16872,B.1.595
MCoV-16877,B.1.1.210
MCoV-16919,B.1.1.226
MCoV-16985,B.1.595
MCoV-16989,B.1
MCoV-16990,B.1.2
MCoV-17087,B.1
MCoV-17125,B.1
MCoV-17200,B.1.2
MCoV-17363,B.1.1.306
MCoV-17401,B.1.2
MCoV-17465,B.1.2
MCoV-17519,B.1.396
MCoV-17551,B.1
MCoV-17563,B.1.596
MCoV-17704,B.1.404
MCoV-17708,B.1.1
MCoV-17761,B.1.396
MCoV-17762,B.1.2
MCoV-17828,B.1.369
MCoV-17937,B.1.2
MCoV-17974,B.1.2
MCoV-18026,B.1.1
MCoV-18262,B.1.2
MCoV-18386,B.1.2
MCoV-18416,B.1.2
MCoV-18418,B.1.2
MCoV-18443,B.1.243
MCoV-18487,B.1.2
MCoV-18494,B.1.2
MCoV-18783,B.1.2
MCoV-18795,B.1.404
MCoV-18850,B.1.396
MCoV-18922,B.1.243
MCoV-18936,B.1.2
MCoV-18944,B.1.582
MCoV-18964,B.1.2
MCoV-19003,B.1.234
MCoV-19057,B.1
MCoV-19321,B.1.2
MCoV-19322,B.1
MCoV-19329,B.1.2
MCoV-19448,B.1.582
MCoV-19485,B.1.234
MCoV-19531,B.1.517
MCoV-19872,B.1.596
MCoV-19985,B.1.596
MCoV-20002,B.1.2
MCoV-20008,B.1
MCoV-20013,B.1.2
MCoV-20059,B.1
MCoV-20063,B.1.2
MCoV-20259,B.1.349
MCoV-20268,B.1.234
MCoV-20281,B.1.577
MCoV-20343,B.1.404
MCoV-20358,B.1.396
MCoV-20425,B.1.2
MCoV-20430,B.1.349
MCoV-20569,B.1
MCoV-20600,B.1
MCoV-20632,B.1.596
MCoV-20654,B.1.2
MCoV-20669,B.1.1.222
MCoV-20695,B.1.2
MCoV-20760,B.1.2
MCoV-20768,B.1.2
MCoV-20790,B.1.2
MCoV-20807,B.1.2
MCoV-20869,B.1.2
MCoV-20999,B.1.2
MCoV-21069,B.1.2
MCoV-21116,B.1
MCoV-21151,B.1.2
MCoV-21309,B.1.2
MCoV-21360,B.1.2
MCoV-21403,B.1.1.519
MCoV-21439,B.1.2
MCoV-21448,B.1.2
MCoV-21515,B.1.2
MCoV-21522,B.1.2
MCoV-21640,B.1.596
MCoV-21693,B.1
MCoV-21766,B.1.2
MCoV-21791,B.1.2
MCoV-21862,B.1.2
MCoV-21878,B.1.396
MCoV-22104,B.1.2
MCoV-22142,B.1.2
MCoV-22175,B.1
MCoV-22275,B.1.2
MCoV-22549,B.1.2
MCoV-22646,B.1.2
MCoV-22666,B.1.2
MCoV-22734,B.1.2
MCoV-22743,B.1.2
MCoV-22764,B.1.234
MCoV-22770,B.1.2
MCoV-22825,B.1
MCoV-22885,B.1.243
MCoV-22905,B.1.2
MCoV-23110,B.1.595
MCoV-23132,B.1.2
MCoV-23142,B.1.2
MCoV-23146,B.1.596
MCoV-23150,B.1.2
MCoV-23336,B.1.596
MCoV-23356,B.1.369
MCoV-23452,B.1.1.519
MCoV-23606,B.1.2
MCoV-23643,B.1.2
MCoV-23666,B.1.2
MCoV-23744,B.1
MCoV-23775,B.1.1.222
MCoV-23930,B.1.595
MCoV-24011,B.1.2
MCoV-24236,B.1.2
MCoV-24310,B.1.1.362
MCoV-24335,B.1.1.519
MCoV-24336,P.2
MCoV-24339,B.1.2
MCoV-24404,B.1.596
MCoV-24555,B.1.234
MCoV-24559,B.1.2
MCoV-25109,B.1.595
MCoV-25164,B.1.595
MCoV-25168,B.1
MCoV-25172,B.1.2
MCoV-25262,B.1.2
MCoV-25320,B.1.2
MCoV-25336,B.1.2
MCoV-25344,B.1.2
MCoV-25368,B.1.234
MCoV-25386,B.1
MCoV-25391,B.1.2
MCoV-25432,B.1.2
MCoV-25457,B.1.1.519
MCoV-25634,B.1.596
MCoV-25683,B.1.596
MCoV-25684,B.1.2
MCoV-25686,B.1.234
MCoV-25731,B.1.2
MCoV-25734,B.1
MCoV-25775,B.1.596
MCoV-25804,B.1
MCoV-25810,B.1.596
MCoV-25859,B.1.2
MCoV-25877,B.1
MCoV-25987,B.1.2
MCoV-26052,B.1.2
MCoV-26086,B.1.2
MCoV-26231,B.1.2
MCoV-26249,B.1.551
MCoV-26287,B.1
MCoV-26312,B.1.1.222
MCoV-26367,B.1.596
MCoV-26510,B.1.2
MCoV-26665,B.1.2
MCoV-26669,B.1.243
MCoV-26672,B.1.2
MCoV-26677,None
MCoV-26699,B.1.2
MCoV-26714,B.1.596
MCoV-26723,B.1.595
MCoV-26796,B.1.596
MCoV-26830,B.1.2
MCoV-26975,B.1
MCoV-26982,B.1.2
MCoV-27029,B.1.1.7
MCoV-27160,B.1.596
MCoV-27173,B.1
MCoV-27269,B.1.2
MCoV-27403,B.1.2
MCoV-27550,B.1.1.519
MCoV-27564,B.1.427
MCoV-27570,B.1.2
MCoV-27602,B.1
MCoV-27640,B.1.2
MCoV-27768,B.1.2
MCoV-27931,B.1
MCoV-28007,B.1.2
MCoV-28100,P.2
MCoV-28101,B.1.2
MCoV-28110,B.1.241
MCoV-28193,B.1.2
MCoV-28657,B.1
MCoV-28702,B.1.1.7
MCoV-28710,B.1.1.7
MCoV-28727,B.1.1.7
MCoV-28730,B.1.1
MCoV-28763,B.1.1.7
MCoV-28814,B.1
MCoV-28878,B.1.2
MCoV-28886,P.2
MCoV-29016,B.1.427
MCoV-29027,B.1.2
MCoV-29071,B.1.2
MCoV-29088,B.1.429
MCoV-29115,B.1.596
MCoV-29239,B.1.596
MCoV-29241,B.1
MCoV-29268,B.1.509
MCoV-29294,B.1.2
MCoV-29321,B.1.596
MCoV-29443,B.1.2
MCoV-29457,B.1.139
MCoV-29464,B.1.429
MCoV-29475,B.1.2
MCoV-29478,B.1.596
MCoV-29534,B.1.2
MCoV-29677,B.1.2
MCoV-29720,B.1.1.7
MCoV-29749,B.1.2
MCoV-29778,B.1.429
MCoV-29813,B.1.1.7
MCoV-29986,B.1.2
MCoV-30028,B.1.596
MCoV-30121,B.1.2
MCoV-30683,B.1.1.7
MCoV-30867,B.1
MCoV-31044,B.1.2
MCoV-31154,B.1.2
MCoV-31187,B.1.596
MCoV-31259,B.1.1.7
MCoV-31261,B.1.2
MCoV-31302,B.1.1.7
MCoV-31476,B.1.2
MCoV-31483,B.1.577
MCoV-31512,B.1.1
MCoV-31649,B.1.2
MCoV-31968,B.1.234
MCoV-32051,B.1.1
MCoV-32192,B.1.2
MCoV-32234,B.1.2
MCoV-32341,B.1.2
MCoV-32342,B.1.596
MCoV-32488,None
MCoV-32636,B.1.2
MCoV-32755,B.1
MCoV-32987,B.1
MCoV-33118,B.1.2
MCoV-33144,B.1.2
MCoV-33168,B.1.582
MCoV-33184,B.1
MCoV-33201,B.1.596
MCoV-33377,B.1.595
MCoV-33391,B.1.234
MCoV-33413,B.1.409
MCoV-33438,B.1.2
MCoV-33595,B.1.2
MCoV-33626,B.1.2
MCoV-33657,B.1.243
MCoV-33724,B.1.234
MCoV-33739,B.1.2
MCoV-33770,B.1.1
MCoV-33821,B.1
MCoV-33883,B.1.2
MCoV-33885,B.1.2
MCoV-34025,B.1.2
MCoV-34056,B.1.234
MCoV-34060,B.1.596
MCoV-34197,B.1.2
MCoV-34244,B.1.234
MCoV-34467,B.1.234
MCoV-34477,B.1.595
MCoV-34498,B.1.234
MCoV-34548,B.1.1
MCoV-34657,B.1.177.73
MCoV-34701,B.1.2
MCoV-34743,B.1.1
MCoV-34757,B.1.177.73
MCoV-34774,B.1.1
MCoV-34787,B.1.396
MCoV-34797,B.1.177.73
MCoV-34841,B.1.1.128
MCoV-34848,B.1.1.121
MCoV-34866,B.1.2
MCoV-35030,B.1.1
MCoV-35034,B.1
MCoV-35089,B.1
MCoV-35269,B.1.369
MCoV-35279,B.1
MCoV-35335,B.1
MCoV-35347,B.1.1
MCoV-35403,B.1.564
MCoV-35409,B.1.1
MCoV-35522,B.1.1
MCoV-35568,B.1
MCoV-35571,B.1.1
MCoV-35580,B.1.1.7
MCoV-35587,B.1.1.7
MCoV-35856,B.1.2
MCoV-35930,B.1.2
MCoV-36091,B.1.375
MCoV-36136,R.1
MCoV-36137,B.1.1.7
MCoV-36140,B.1.1.7
MCoV-36237,B.1.1
MCoV-36283,B.1.234
MCoV-36297,B.1
MCoV-36346,B.1.2
MCoV-36380,B.1.2
MCoV-36464,B.1.596
MCoV-36497,B.1.2
MCoV-36510,B.1.1.337
MCoV-36533,B.1.311
MCoV-36536,B.1.2
MCoV-36950,B.1.2
MCoV-36984,B.1.2
MCoV-37008,B.1
MCoV-37019,B.1
MCoV-37167,B.1.1.7
MCoV-37225,None
MCoV-37270,B.1.1.7
MCoV-37319,B.1.239
MCoV-37370,B.1.582
MCoV-37418,B.1.240
MCoV-37437,B.1.2
MCoV-37574,B.1.596
MCoV-37585,B.1.2
MCoV-37592,B.1.2
MCoV-37640,B.1.2
MCoV-37661,B.1
MCoV-37686,B.1.2
MCoV-37772,B.1.396
MCoV-37793,B.1.396
MCoV-37854,B.1.2
MCoV-38162,B.1.1.7
MCoV-38226,B.1.1.7
MCoV-38330,B.1.243
MCoV-38386,B.1
MCoV-38402,B.1.1.519
MCoV-38415,B.1
MCoV-38623,B.1.1.7
MCoV-38663,B.1.1.7
MCoV-38981,B.1.243
MCoV-39482,B.1.2
MCoV-39604,B.1.596
MCoV-39628,B.1.2
MCoV-39663,B.1.2
MCoV-39780,B.1
MCoV-39840,B.1.206
MCoV-40110,B.1.595
MCoV-40184,B.1
MCoV-40221,B.1
MCoV-40252,B.1.582
MCoV-40318,B.1.564
MCoV-40394,B.1.206
MCoV-40404,B.1
MCoV-40447,B.1.432
MCoV-40515,B.1
MCoV-40539,B.1.582
MCoV-40559,B.1.206
MCoV-40571,B.1.206
MCoV-40635,B.1.576
MCoV-40663,B.1
MCoV-40709,B.1
MCoV-40724,B.1.284
MCoV-40785,B.1
MCoV-40818,B.1.582
MCoV-40860,B.1.590
MCoV-40864,B.1.596
MCoV-40968,B.1
MCoV-41195,B.1.1.7
MCoV-41446,B.1.1.7
MCoV-41450,B.1.1.7
MCoV-41471,B.1.1.7
MCoV-41656,B.1.1
MCoV-41728,B.1.1.258
MCoV-41791,B.1.590
MCoV-41811,B.1
MCoV-41830,B.1.1
MCoV-41837,B.1.521
MCoV-41927,B.1.564
MCoV-41929,B.1.582
MCoV-41983,B.1.582
MCoV-41993,B.1
MCoV-42006,B.1
MCoV-42031,B.1
MCoV-42102,B.1
MCoV-42144,B.1.369
MCoV-42325,B.1.595
MCoV-42547,B.1.2
MCoV-42607,B.1.1
MCoV-42642,B.1.596
MCoV-42680,B.1.265
MCoV-42731,B.1
MCoV-42750,B.1.1.258
MCoV-42787,B.1.336
MCoV-42844,B.1.582
MCoV-42950,B.1.1.7
MCoV-43148,B.1.1.7
MCoV-43202,B.1
MCoV-43261,B.1.2
MCoV-43469,B.1.1.7
MCoV-43677,B.1
MCoV-43763,B.1.305
MCoV-43826,B.1
MCoV-43909,B.1.1
MCoV-44097,B.1.1.7
MCoV-44169,B.1.1.7
MCoV-44199,B.1.1.7
MCoV-44212,B.1
MCoV-44225,B.1.1.7
MCoV-44364,B.1
MCoV-44473,B.1.590
MCoV-44528,B.1.369
MCoV-44581,B.1
MCoV-44585,B.1.1.118
MCoV-44612,B.1.284
MCoV-44638,B.1.206
MCoV-44831,B.1.1.258
MCoV-44832,B.1
MCoV-45130,B.1.325
MCoV-45272,B.1
MCoV-45298,nan
MCoV-45341,B.1.564
MCoV-45537,B.1.1
MCoV-45554,B.1.1.7
MCoV-45558,B.1.1.7
MCoV-45564,None
MCoV-45570,B.1.1.7
MCoV-45596,B.1.1.7
MCoV-45604,B.1
MCoV-45806,B.1.1.7
MCoV-46014,P.1
MCoV-46061,B.1.582
MCoV-46095,B.1
MCoV-46111,B.1
MCoV-46170,B.1.582
MCoV-46177,B.1.369
MCoV-46227,B.1.206
MCoV-46292,B.1.369
MCoV-46329,B.1.1.177
MCoV-46347,B.1
MCoV-46364,B.1.2
MCoV-46372,B.1
MCoV-46386,B.1
MCoV-46474,B.1.2
MCoV-46503,B.1
MCoV-46544,B.1.206
MCoV-46576,B.1
MCoV-46579,B.1.596
MCoV-46601,B.1.1.7
MCoV-46619,B.1.1.7
MCoV-46620,B.1
MCoV-46661,B.1.1.7
MCoV-46673,B.1.1.7
MCoV-46693,P.1
MCoV-46765,B.1.1.7
MCoV-46766,None
MCoV-46779,B.1.1.7
MCoV-46882,B.1.595
MCoV-46940,B.1.546
MCoV-47033,B.1.1.7
MCoV-47042,B.1.1.7
MCoV-47053,B.1.1.7
MCoV-47280,B.1.1.7
MCoV-47285,B.1.1.7
MCoV-47332,B.1.1.7
MCoV-47376,B.1.1
MCoV-47385,B.1.1
MCoV-47507,P.1
MCoV-47545,None
MCoV-47578,B.1.1.7
MCoV-47590,B.1.628
MCoV-47641,P.1
MCoV-47697,AY.30
MCoV-47931,B.1
MCoV-47932,B.1
MCoV-47971,B.1
MCoV-47989,B.1.336
MCoV-48065,B.1
MCoV-48143,AY.25
MCoV-48180,B.1.1.356
MCoV-48251,B.1
MCoV-48385,B.1.336
MCoV-48649,B.1.582
MCoV-48715,B.1
MCoV-48747,B.1.2
MCoV-48803,B.1.2
MCoV-48916,B.1.617.2
MCoV-48926,AY.3.1
MCoV-48927,B.1.617.2
MCoV-49006,None
MCoV-49043,AY.4
MCoV-49062,AY.4
MCoV-49079,AY.26
MCoV-49112,AY.4
MCoV-49509,B.1.206
MCoV-49534,B.1
MCoV-49538,B.1.369
MCoV-49644,B.1
MCoV-49656,B.1
MCoV-49689,B.1
MCoV-49723,B.1.564
MCoV-50176,AY.26
MCoV-50193,B.1.617.2
MCoV-50249,AY.25
MCoV-50252,AY.4
MCoV-50269,AY.4
MCoV-50332,AY.4
MCoV-50451,AY.4
MCoV-50464,B.1.617.2
MCoV-50698,B.1.617.2
MCoV-50793,AY.4
MCoV-50808,AY.4
MCoV-50872,AY.25
MCoV-51101,AY.4
MCoV-51483,AY.25
MCoV-51526,AY.26
MCoV-51617,AY.4
MCoV-51770,AY.3
MCoV-51952,B.1.617.2
MCoV-52039,AY.25
MCoV-52098,AY.25
MCoV-52196,B.1.1.7
MCoV-52287,AY.3
MCoV-52310,B.1.617.2
MCoV-52318,B.1.617.2
MCoV-52657,P.1
MCoV-52673,AY.25
MCoV-52692,B.1.617.2
MCoV-52771,B.1.617.2
MCoV-52804,AY.25
MCoV-52806,B.1.617.2
MCoV-53032,AY.2
MCoV-53262,B.1.617.2
MCoV-53393,AY.25
MCoV-53521,AY.25
MCoV-53525,B.1.617.2
MCoV-53621,B.1.634
MCoV-53634,AY.25
MCoV-53759,B.1.617.2
MCoV-53785,AY.25
MCoV-53827,B.1.617.2
MCoV-53829,B.1.617.2
MCoV-53854,B.1.617.2
MCoV-53872,B.1.617.2
MCoV-53895,AY.25
MCoV-54128,B.1.617.2
MCoV-54172,B.1.617.2
MCoV-54218,B.1.617.2
MCoV-54223,AY.25
MCoV-54249,B.1.617.2
MCoV-54550,B.1.617.2
MCoV-54622,B.1.617.2
MCoV-54666,B.1.617.2
MCoV-54677,B.1.617.2
MCoV-54791,B.1.617.2
MCoV-54855,B.1.617.2
MCoV-54941,AY.3
MCoV-54953,B.1.617.2
MCoV-54989,AY.3
MCoV-55001,AY.25
MCoV-55040,B.1.621
MCoV-55048,AY.25
MCoV-55202,B.1.617.2
MCoV-55247,AY.3
MCoV-55273,AY.25
MCoV-55303,B.1.617.2
MCoV-55452,B.1.617.2
MCoV-55507,AY.25
MCoV-55529,B.1.617.2
MCoV-55562,B.1.617.2
MCoV-55932,B.1.617.2
MCoV-55942,B.1.617.2
MCoV-56248,AY.25
MCoV-56262,B.1.617.2
MCoV-56269,B.1.617.2
MCoV-56270,B.1.617.2
MCoV-56399,B.1.617.2
MCoV-56403,B.1.617.2
MCoV-56419,AY.25
MCoV-56602,AY.3
MCoV-56606,B.1.617.2
MCoV-56722,AY.3
MCoV-56885,B.1.632
MCoV-56891,B.1.617.2
MCoV-56902,B.1.617.2
MCoV-57000,B.1.617.2
MCoV-57095,B.1.617.2
MCoV-57099,B.1.617.2
MCoV-57132,AY.3
MCoV-57148,AY.25
MCoV-57212,AY.3
MCoV-57229,B.1.617.2
MCoV-57231,B.1.617.2
MCoV-57339,B.1.617.2
MCoV-57366,AY.25
MCoV-57371,AY.25
MCoV-57736,B.1.617.2
MCoV-57754,B.1.617.2
MCoV-57756,AY.25
MCoV-57793,AY.25
MCoV-57808,B.1.617.2
MCoV-58031,B.1.617.2
MCoV-58033,AY.25
MCoV-58098,B.1.617.2
MCoV-58103,AY.3
MCoV-58142,AY.25
MCoV-58145,AY.26
MCoV-58187,B.1.617.2
MCoV-58240,AY.3
MCoV-58251,B.1.617.2
MCoV-58257,AY.25
MCoV-58418,B.1.617.2
MCoV-58683,B.1.617.2
MCoV-58715,B.1.617.2
MCoV-58732,B.1.617.2
MCoV-58747,B.1.617.2
MCoV-58764,AY.20
MCoV-58868,B.1.617.2
MCoV-58931,B.1.617.2
MCoV-59049,B.1.617.2
MCoV-59098,AY.25
MCoV-59100,B.1.617.2
MCoV-59125,AY.25
MCoV-59244,AY.25
MCoV-59246,B.1.617.2
MCoV-59268,AY.25
MCoV-59323,B.1.617.2
MCoV-59554,B.1.617.2
MCoV-59632,AY.3
MCoV-59665,B.1.617.2
MCoV-59700,B.1.617.2
MCoV-59706,B.1.617.2
MCoV-59982,B.1.617.2
MCoV-60126,AY.3
MCoV-60214,B.1.617.2
MCoV-60283,AY.25
MCoV-60556,B.1.617.2
MCoV-60677,B.1.617.2
MCoV-60710,B.1.617.2
MCoV-60739,B.1.617.2
MCoV-60740,B.1.617.2
MCoV-60828,B.1.617.2
MCoV-61032,AY.25
MCoV-61076,B.1.617.2
MCoV-61098,AY.3
MCoV-61154,B.1.617.2
MCoV-61168,AY.3
MCoV-61215,AY.25
MCoV-61226,B.1.617.2
MCoV-61256,B.1.617.2
MCoV-61265,AY.25
MCoV-61274,B.1.617.2
MCoV-61525,B.1.617.2
MCoV-61864,B.1.617.2
MCoV-61884,B.1.617.2
MCoV-61890,AY.25
MCoV-61982,B.1.617.2
MCoV-62128,B.1.617.2
MCoV-62164,AY.26
MCoV-62183,B.1.617.2
MCoV-62186,B.1.617.2
MCoV-62398,B.1.617.2
MCoV-62409,AY.26
MCoV-62545,AY.25
MCoV-62547,B.1.617.2
MCoV-62554,B.1.617.2
MCoV-62777,AY.25
MCoV-63135,AY.25
MCoV-63150,B.1.617.2
MCoV-63170,B.1.617.2
MCoV-63281,B.1.617.2
MCoV-63307,AY.3
MCoV-63357,B.1.617.2
MCoV-63362,B.1.617.2
MCoV-63478,B.1.617.2
MCoV-63484,B.1.617.2
MCoV-63497,B.1.617.2
MCoV-63531,B.1.617.2
MCoV-63581,B.1.617.2
MCoV-63720,B.1.617.2
MCoV-63733,B.1.617.2
MCoV-63746,AY.25
MCoV-63768,AY.25
MCoV-63902,AY.20
MCoV-64066,B.1.617.2
MCoV-64094,B.1.617.2
MCoV-64112,B.1.617.2
MCoV-64136,B.1.617.2
MCoV-64353,AY.25
MCoV-64358,B.1.617.2
MCoV-64359,AY.25
MCoV-64394,B.1.617.2
MCoV-64482,AY.25
MCoV-64484,B.1.617.2
MCoV-64538,AY.25
MCoV-64661,AY.25
MCoV-64691,B.1.617.2
MCoV-64749,AY.25
MCoV-64850,B.1.617.2
MCoV-64859,B.1.617.2
MCoV-64869,B.1.617.2
MCoV-65188,B.1.617.2
MCoV-65200,B.1.617.2
MCoV-65216,B.1.617.2
MCoV-65387,B.1.617.2
MCoV-65416,B.1.617.2
MCoV-65556,B.1.617.2
MCoV-65793,B.1.617.2
MCoV-65824,B.1.617.2
MCoV-65833,B.1.617.2
MCoV-69353,omicron
MCoV-69397,omicron
MCoV-69417,omicron
MCoV-69452,omicron
MCoV-69674,omicron
MCoV-69772,omicron
MCoV-69794,omicron
MCoV-69897,omicron
MCoV-70048,omicron
MCoV-70254,omicron
MCoV-70336,omicron
MCoV-70437,omicron
MCoV-70456,omicron
MCoV-70478,omicron
MCoV-70595,omicron
MCoV-70640,omicron
MCoV-70677,omicron
MCoV-71105,omicron
MCoV-71346,omicron
MCoV-71483,omicron
MCoV-71576,omicron
MCoV-71612,omicron
MCoV-71704,omicron
MCoV-71761,omicron
MCoV-71790,omicron
MCoV-71823,omicron
MCoV-72112,omicron
MCoV-72853,omicron
MCoV-72874,omicron
MCoV-72932,omicron
MCoV-72956,omicron
MCoV-72998,omicron
MCoV-73010,omicron
MCoV-73070,omicron
MCoV-73071,omicron
MCoV-73124,omicron
MCoV-73146,omicron
MCoV-73161,omicron
MCoV-73181,omicron
MCoV-73247,omicron
MCoV-73251,omicron
MCoV-73270,omicron
MCoV-73318,omicron
MCoV-73375,omicron
MCoV-73389,omicron
MCoV-73415,omicron
MCoV-73709,omicron
MCoV-73823,omicron
MCoV-73878,omicron
MCoV-73947,omicron
MCoV-73950,omicron
MCoV-73977,omicron
MCoV-73992,omicron
MCoV-74053,omicron
MCoV-74054,omicron
MCoV-74058,omicron
MCoV-74092,omicron
MCoV-74183,omicron
MCoV-74283,omicron
MCoV-74287,omicron
MCoV-74332,omicron
MCoV-74363,omicron
MCoV-74375,omicron
MCoV-74381,omicron
MCoV-74412,omicron
MCoV-74511,omicron
MCoV-74621,omicron
MCoV-74636,omicron
MCoV-74689,omicron
MCoV-74717,omicron
MCoV-74797,omicron
MCoV-74815,omicron
MCoV-74837,omicron
MCoV-74868,omicron
MCoV-74880,omicron
MCoV-75022,omicron
MCoV-75032,omicron
MCoV-75135,omicron
MCoV-75208,omicron
MCoV-75209,omicron
MCoV-75212,omicron
MCoV-75486,omicron
MCoV-75513,omicron
MCoV-75632,omicron
MCoV-75633,omicron
MCoV-75687,omicron
MCoV-75805,omicron
MCoV-75858,omicron
MCoV-75966,omicron
MCoV-76098,omicron
MCoV-76129,omicron
MCoV-76187,omicron
MCoV-76256,omicron
MCoV-76264,omicron
MCoV-76350,omicron
MCoV-76389,omicron
MCoV-76413,omicron
MCoV-76437,omicron
MCoV-76457,omicron
MCoV-76466,omicron
MCoV-76610,omicron
MCoV-76809,omicron
MCoV-76819,omicron
MCoV-76863,omicron
MCoV-76914,omicron
MCoV-76926,omicron
MCoV-76955,omicron
MCoV-77081,omicron
MCoV-77092,omicron
MCoV-77097,omicron
MCoV-77105,omicron
MCoV-77242,omicron
MCoV-77316,omicron
MCoV-77361,omicron
MCoV-77363,omicron
MCoV-77375,omicron
MCoV-77376,omicron
MCoV-77434,omicron
MCoV-77444,omicron
MCoV-77613,omicron
MCoV-77631,omicron
MCoV-77648,omicron
MCoV-77655,omicron
MCoV-77734,omicron
MCoV-77778,omicron
MCoV-77808,omicron
MCoV-77815,omicron
MCoV-77819,omicron
MCoV-77872,omicron
MCoV-77895,omicron
MCoV-77942,omicron
MCoV-78107,omicron
MCoV-78170,omicron
MCoV-78182,omicron
MCoV-78291,omicron
MCoV-78452,omicron
MCoV-78454,omicron
MCoV-78456,omicron
MCoV-78595,omicron
MCoV-78693,omicron
MCoV-78765,omicron
MCoV-78775,omicron
MCoV-78790,omicron
MCoV-78795,omicron
MCoV-78849,omicron
MCoV-78885,omicron
MCoV-78973,omicron
MCoV-79170,omicron
MCoV-79230,omicron
MCoV-79233,omicron
MCoV-79332,omicron
MCoV-79355,omicron
MCoV-79357,omicron
MCoV-79526,omicron
MCoV-79534,omicron
MCoV-79579,omicron
MCoV-79583,omicron
MCoV-79590,omicron
MCoV-79752,omicron
MCoV-79868,omicron
MCoV-79899,omicron
MCoV-79913,omicron
MCoV-79953,omicron
MCoV-79994,omicron
MCoV-80120,omicron
MCoV-80221,omicron
MCoV-8155,B.1.206
MCoV-8186,B.1.595
MCoV-8200,B.1.1.409
MCoV-8202,B.1.2
MCoV-8288,B.1.336
MCoV-8317,B.1.1.230
MCoV-8729,B.1.1.258
MCoV-8803,B.1
MCoV-8810,B.1
MCoV-8907,B.1
MCoV-8911,B.1.1.226
MCoV-9101,B.1
MCoV-9382,B.1.546
MCoV-9678,B.1.1.367
NC_045512,original_strain